
{
	"productItems": [
		{
			"id": 1,
			"name": "Pink Blossom",
			"price": "24000",
			"qty": 1,
			"size": [
				{
					"size": "Extra-small",
					"price": "2000"
				},
				{
					"size": "Small",
					"price": "7000"
				},
				{
					"size": "Medium",
					"price": "14000"
				},
				{
					"size": "Large",
					"price": "24000"
				}
			],
			"img": "/assets/data/images/tshirt.jpg",
			"details": {				
					"camera": "Canon EOS 700d",
					"lense": "EF-S55-250mm f/4-5.6 IS II",
					"zoom": "154.0mm",
					"focal": "f/8.0",
					"shutter": "1/100s",
					"iso": "ISO 100",
					"imageType": "JPG",
					"resolution": "5184×3456",
					"created": "Feb 23, 2019",
					"uploaded": "Feb 23, 2019",
					"category": "Nature/Landscapes"				
			},
			"review": [
				{
					"rating": 5,
					"title": "Nice capture!!",
					"message": "Wow that's cool! Nice edit of the pictures. Good luck man!",
					"recommendation": 1,
					"name": "Ritwik",
					"location": "Cambridge",
					"email": "ritwik.kumar@gmail.com",
					"gender": "male",
					"timeOfPost": "March 1, 2019, 9:18:01 AM",
					"like": 10,
					"dislike": 2
				},
				{
					"rating": 4,
					"title": "Great composition!",
					"message": "What a picture. Amazing. Stunning. It is appropriate for me to have it framed to watch in the morning. Great Photo.",
					"recommendation": 1,
					"name": "jsromeus",
					"location": "Noida",
					"email": "jsromeus.huma@gmail.com",
					"gender": "female",
					"timeOfPost": "Feb 28, 2019, 4:15 PM",
					"like": 4,
					"dislike": 0
				},
				{
					"rating": 3,
					"title": "Good one",
					"message": "It is a good one but it can be taken in a better way too.",
					"recommendation": 0,
					"name": "pixel2013",
					"location": "Amsterdum",
					"email": "creativepixel2013.olga@gmail.com",
					"gender": "female",
					"timeOfPost": "Feb 28, 2019, 2:11 PM",
					"like": 12,
					"dislike": 1
				},
				{
					"rating": 5,
					"title": "Perfect Photo!",
					"message": "Excellent! I am loving it. Keep posting these photos.",
					"recommendation": 1,
					"name": "Rishat",
					"location": "San Francisco",
					"email": "rishat.kumar@gmail.com",
					"gender": "male",
					"timeOfPost": "Feb 26, 2019, 1:10 PM",
					"like": 5,
					"dislike": 3
				}
			]
		},
		{
			"id": 2,
			"name": "Yellow Flower",
			"price": "14000",
			"qty": 1,
			"size": [
				{
					"size": "Extra-small",
					"price": "1500"
				},
				{
					"size": "Small",
					"price": "5000"
				},
				{
					"size": "Medium",
					"price": "9000"
				},
				{
					"size": "Large",
					"price": "14000"
				}
			],
			"img": "/assets/data/images/shoes.jpg",
			"details": {				
					"camera": "Canon EOS 50d",
					"lense": "EF-S18-200mm f/3.5-5.6 IS",
					"zoom": "188.0mm",
					"focal": "f/5.6",
					"shutter": " 1/250s",
					"iso": "ISO 640",
					"imageType": "JPG",
					"resolution": "5184×3456",
					"created": "Feb 23, 2019",
					"uploaded": "Feb 23, 2019",
					"category": "Nature/Landscapes"				
			},
			"review": [
				{
					"rating": 5,
					"title": "Nice capture!!",
					"message": "Wow that's cool! Nice edit of the pictures. Good luck man!",
					"recommendation": 1,
					"name": "Ritwik",
					"location": "Cambridge",
					"email": "ritwik.kumar@gmail.com",
					"gender": "male",
					"timeOfPost": "March 1, 2019, 9:18:01 AM",
					"like": 10,
					"dislike": 2
				},
				{
					"rating": 4,
					"title": "Great composition!",
					"message": "What a picture. Amazing. Stunning. It is appropriate for me to have it framed to watch in the morning. Great Photo.",
					"recommendation": 1,
					"name": "jsromeus",
					"location": "Noida",
					"email": "jsromeus.huma@gmail.com",
					"gender": "female",
					"timeOfPost": "Feb 28, 2019, 4:15 PM",
					"like": 4,
					"dislike": 0
				},
				{
					"rating": 3,
					"title": "Good one",
					"message": "It is a good one but it can be taken in a better way too.",
					"recommendation": 0,
					"name": "pixel2013",
					"location": "Amsterdum",
					"email": "creativepixel2013.olga@gmail.com",
					"gender": "female",
					"timeOfPost": "Feb 28, 2019, 2:11 PM",
					"like": 12,
					"dislike": 1
				},
				{
					"rating": 5,
					"title": "Perfect Photo!",
					"message": "Excellent! I am loving it. Keep posting these photos.",
					"recommendation": 1,
					"name": "Rishat",
					"location": "San Francisco",
					"email": "rishat.kumar@gmail.com",
					"gender": "male",
					"timeOfPost": "Feb 26, 2019, 1:10 PM",
					"like": 5,
					"dislike": 3
				}
			]
		},
		{
			"id": 3,
			"name": "Hope of life",
			"price": "26500",
			"qty": 1,
			"size": [
				{
					"size": "Extra-small",
					"price": "4000"
				},
				{
					"size": "Small",
					"price": "10000"
				},
				{
					"size": "Medium",
					"price": "18000"
				},
				{
					"size": "Large",
					"price": "26500"
				}
			],
			"img": "/assets/data/images/red-t-shirt.jpg",
			"details": {				
					"camera": "Canon EOS 5d",
					"lense": "EF17-40mm f/4L USM",
					"zoom": "154.0mm",
					"focal": "f/8.0",
					"shutter": "1/100s",
					"iso": "ISO 100",
					"imageType": "JPG",
					"resolution": "5184×3456",
					"created": "Feb 23, 2019",
					"uploaded": "Feb 23, 2019",
					"category": "Nature/Landscapes"				
			},
			"review": [
				{
					"rating": 5,
					"title": "Nice capture!!",
					"message": "Wow that's cool! Nice edit of the pictures. Good luck man!",
					"recommendation": 1,
					"name": "Ritwik",
					"location": "Cambridge",
					"email": "ritwik.kumar@gmail.com",
					"gender": "male",
					"timeOfPost": "March 1, 2019, 9:18:01 AM",
					"like": 10,
					"dislike": 2
				},
				{
					"rating": 4,
					"title": "Great composition!",
					"message": "What a picture. Amazing. Stunning. It is appropriate for me to have it framed to watch in the morning. Great Photo.",
					"recommendation": 1,
					"name": "jsromeus",
					"location": "Noida",
					"email": "jsromeus.huma@gmail.com",
					"gender": "female",
					"timeOfPost": "Feb 28, 2019, 4:15 PM",
					"like": 4,
					"dislike": 0
				},
				{
					"rating": 3,
					"title": "Good one",
					"message": "It is a good one but it can be taken in a better way too.",
					"recommendation": 0,
					"name": "pixel2013",
					"location": "Amsterdum",
					"email": "creativepixel2013.olga@gmail.com",
					"gender": "female",
					"timeOfPost": "Feb 28, 2019, 2:11 PM",
					"like": 12,
					"dislike": 1
				},
				{
					"rating": 5,
					"title": "Perfect Photo!",
					"message": "Excellent! I am loving it. Keep posting these photos.",
					"recommendation": 1,
					"name": "Rishat",
					"location": "San Francisco",
					"email": "rishat.kumar@gmail.com",
					"gender": "male",
					"timeOfPost": "Feb 26, 2019, 1:10 PM",
					"like": 5,
					"dislike": 3
				}
			]
		},
		{
			"id": 4,
			"name": "Caterpillar Delight",
			"price": "21000",
			"qty": 1,
			"size": [
				{
					"size": "Extra-small",
					"price": "2000"
				},
				{
					"size": "Small",
					"price": "7000"
				},
				{
					"size": "Medium",
					"price": "14000"
				},
				{
					"size": "Large",
					"price": "21000"
				}
			],
			"img": "/assets/data/images/pic01.jpg",
			"details": {				
					"camera": "Canon EOS 700d",
					"lense": "EF-S55-250mm f/4-5.6 IS II",
					"zoom": "154.0mm",
					"focal": "f/8.0",
					"shutter": "1/100s",
					"iso": "ISO 100",
					"imageType": "JPG",
					"resolution": "5184×3456",
					"created": "Feb 23, 2019",
					"uploaded": "Feb 23, 2019",
					"category": "Nature/Landscapes"				
			},
			"review": [
				{
					"rating": 5,
					"title": "Nice capture!!",
					"message": "Wow that's cool! Nice edit of the pictures. Good luck man!",
					"recommendation": 1,
					"name": "Ritwik",
					"location": "Cambridge",
					"email": "ritwik.kumar@gmail.com",
					"gender": "male",
					"timeOfPost": "March 1, 2019, 9:18:01 AM",
					"like": 10,
					"dislike": 2
				},
				{
					"rating": 4,
					"title": "Great composition!",
					"message": "What a picture. Amazing. Stunning. It is appropriate for me to have it framed to watch in the morning. Great Photo.",
					"recommendation": 1,
					"name": "jsromeus",
					"location": "Noida",
					"email": "jsromeus.huma@gmail.com",
					"gender": "female",
					"timeOfPost": "Feb 28, 2019, 4:15 PM",
					"like": 4,
					"dislike": 0
				},
				{
					"rating": 3,
					"title": "Good one",
					"message": "It is a good one but it can be taken in a better way too.",
					"recommendation": 0,
					"name": "pixel2013",
					"location": "Amsterdum",
					"email": "creativepixel2013.olga@gmail.com",
					"gender": "female",
					"timeOfPost": "Feb 28, 2019, 2:11 PM",
					"like": 12,
					"dislike": 1
				},
				{
					"rating": 5,
					"title": "Perfect Photo!",
					"message": "Excellent! I am loving it. Keep posting these photos.",
					"recommendation": 1,
					"name": "Rishat",
					"location": "San Francisco",
					"email": "rishat.kumar@gmail.com",
					"gender": "male",
					"timeOfPost": "Feb 26, 2019, 1:10 PM",
					"like": 5,
					"dislike": 3
				}
			]
		},
		{
			"id": 5,
			"name": "Folk Culture",
			"price": "26600",
			"qty": 1,
			"size": [
				{
					"size": "Extra-small",
					"price": "2000"
				},
				{
					"size": "Small",
					"price": "7000"
				},
				{
					"size": "Medium",
					"price": "14000"
				},
				{
					"size": "Large",
					"price": "26600"
				}
			],
			"img": "/assets/data/images/pic02.jpg",
			"details": {				
					"camera": "Canon EOS 5d",
					"lense": "EF17-40mm f/4L USM",
					"zoom": "154.0mm",
					"focal": "f/8.0",
					"shutter": "1/100s",
					"iso": "ISO 100",
					"imageType": "JPG",
					"resolution": "5184×3456",
					"created": "Feb 23, 2019",
					"uploaded": "Feb 23, 2019",
					"category": "Nature/Landscapes"				
			},
			"review": [
				{
					"rating": 5,
					"title": "Nice capture!!",
					"message": "Wow that's cool! Nice edit of the pictures. Good luck man!",
					"recommendation": 1,
					"name": "Ritwik",
					"location": "Cambridge",
					"email": "ritwik.kumar@gmail.com",
					"gender": "male",
					"timeOfPost": "March 1, 2019, 9:18:01 AM",
					"like": 10,
					"dislike": 2
				},
				{
					"rating": 4,
					"title": "Great composition!",
					"message": "What a picture. Amazing. Stunning. It is appropriate for me to have it framed to watch in the morning. Great Photo.",
					"recommendation": 1,
					"name": "jsromeus",
					"location": "Noida",
					"email": "jsromeus.huma@gmail.com",
					"gender": "female",
					"timeOfPost": "Feb 28, 2019, 4:15 PM",
					"like": 4,
					"dislike": 0
				},
				{
					"rating": 3,
					"title": "Good one",
					"message": "It is a good one but it can be taken in a better way too.",
					"recommendation": 0,
					"name": "pixel2013",
					"location": "Amsterdum",
					"email": "creativepixel2013.olga@gmail.com",
					"gender": "female",
					"timeOfPost": "Feb 28, 2019, 2:11 PM",
					"like": 12,
					"dislike": 1
				},
				{
					"rating": 5,
					"title": "Perfect Photo!",
					"message": "Excellent! I am loving it. Keep posting these photos.",
					"recommendation": 1,
					"name": "Rishat",
					"location": "San Francisco",
					"email": "rishat.kumar@gmail.com",
					"gender": "male",
					"timeOfPost": "Feb 26, 2019, 1:10 PM",
					"like": 5,
					"dislike": 3
				}
			]
		},
		{
			"id": 6,
			"name": "Waiting for You",
			"price": "22000",
			"qty": 1,
			"size": [
				{
					"size": "Extra-small",
					"price": "2500"
				},
				{
					"size": "Small",
					"price": "8000"
				},
				{
					"size": "Medium",
					"price": "13000"
				},
				{
					"size": "Large",
					"price": "22000"
				}
			],
			"img": "/assets/data/images/pic03.jpg",
			"details": {				
					"camera": "Canon EOS 700d",
					"lense": "EF-S55-250mm f/4-5.6 IS II",
					"zoom": "154.0mm",
					"focal": "f/8.0",
					"shutter": "1/100s",
					"iso": "ISO 100",
					"imageType": "JPG",
					"resolution": "5184×3456",
					"created": "Feb 23, 2019",
					"uploaded": "Feb 23, 2019",
					"category": "Nature/Landscapes"				
			},
			"review": [
				{
					"rating": 5,
					"title": "Nice capture!!",
					"message": "Wow that's cool! Nice edit of the pictures. Good luck man!",
					"recommendation": 1,
					"name": "Ritwik",
					"location": "Cambridge",
					"email": "ritwik.kumar@gmail.com",
					"gender": "male",
					"timeOfPost": "March 1, 2019, 9:18:01 AM",
					"like": 10,
					"dislike": 2
				},
				{
					"rating": 4,
					"title": "Great composition!",
					"message": "What a picture. Amazing. Stunning. It is appropriate for me to have it framed to watch in the morning. Great Photo.",
					"recommendation": 1,
					"name": "jsromeus",
					"location": "Noida",
					"email": "jsromeus.huma@gmail.com",
					"gender": "female",
					"timeOfPost": "Feb 28, 2019, 4:15 PM",
					"like": 4,
					"dislike": 0
				},
				{
					"rating": 3,
					"title": "Good one",
					"message": "It is a good one but it can be taken in a better way too.",
					"recommendation": 0,
					"name": "pixel2013",
					"location": "Amsterdum",
					"email": "creativepixel2013.olga@gmail.com",
					"gender": "female",
					"timeOfPost": "Feb 28, 2019, 2:11 PM",
					"like": 12,
					"dislike": 1
				},
				{
					"rating": 5,
					"title": "Perfect Photo!",
					"message": "Excellent! I am loving it. Keep posting these photos.",
					"recommendation": 1,
					"name": "Rishat",
					"location": "San Francisco",
					"email": "rishat.kumar@gmail.com",
					"gender": "male",
					"timeOfPost": "Feb 26, 2019, 1:10 PM",
					"like": 5,
					"dislike": 3
				}
			]
		},
		{
			"id": 7,
			"name": "Relaxing Panda",
			"price": "31999",
			"qty": 1,
			"size": [
				{
					"size": "Extra-small",
					"price": "2999"
				},
				{
					"size": "Small",
					"price": "7999"
				},
				{
					"size": "Medium",
					"price": "14999"
				},
				{
					"size": "Large",
					"price": "31999"
				}
			],
			"img": "/assets/data/images/pic05.jpg",
			"details": {				
					"camera": "Canon EOS 700d",
					"lense": "EF-S55-250mm f/4-5.6 IS II",
					"zoom": "154.0mm",
					"focal": "f/8.0",
					"shutter": "1/100s",
					"iso": "ISO 100",
					"imageType": "JPG",
					"resolution": "5184×3456",
					"created": "Feb 23, 2019",
					"uploaded": "Feb 23, 2019",
					"category": "Nature/Landscapes"				
			},
			"review": [
				{
					"rating": 5,
					"title": "Nice capture!!",
					"message": "Wow that's cool! Nice edit of the pictures. Good luck man!",
					"recommendation": 1,
					"name": "Ritwik",
					"location": "Cambridge",
					"email": "ritwik.kumar@gmail.com",
					"gender": "male",
					"timeOfPost": "March 1, 2019, 9:18:01 AM",
					"like": 10,
					"dislike": 2
				},
				{
					"rating": 4,
					"title": "Great composition!",
					"message": "What a picture. Amazing. Stunning. It is appropriate for me to have it framed to watch in the morning. Great Photo.",
					"recommendation": 1,
					"name": "jsromeus",
					"location": "Noida",
					"email": "jsromeus.huma@gmail.com",
					"gender": "female",
					"timeOfPost": "Feb 28, 2019, 4:15 PM",
					"like": 4,
					"dislike": 0
				},
				{
					"rating": 3,
					"title": "Good one",
					"message": "It is a good one but it can be taken in a better way too.",
					"recommendation": 0,
					"name": "pixel2013",
					"location": "Amsterdum",
					"email": "creativepixel2013.olga@gmail.com",
					"gender": "female",
					"timeOfPost": "Feb 28, 2019, 2:11 PM",
					"like": 12,
					"dislike": 1
				},
				{
					"rating": 5,
					"title": "Perfect Photo!",
					"message": "Excellent! I am loving it. Keep posting these photos.",
					"recommendation": 1,
					"name": "Rishat",
					"location": "San Francisco",
					"email": "rishat.kumar@gmail.com",
					"gender": "male",
					"timeOfPost": "Feb 26, 2019, 1:10 PM",
					"like": 5,
					"dislike": 3
				}
			]
		},
		{
			"id": 8,
			"name": "Couple for Life",
			"price": "25400",
			"qty": 1,
			"size": [
				{
					"size": "Extra-small",
					"price": "2000"
				},
				{
					"size": "Small",
					"price": "7000"
				},
				{
					"size": "Medium",
					"price": "14000"
				},
				{
					"size": "Large",
					"price": "25400"
				}
			],
			"img": "/assets/data/images/pic06.jpg",
			"details": {				
					"camera": "Canon EOS 700d",
					"lense": "EF-S55-250mm f/4-5.6 IS II",
					"zoom": "154.0mm",
					"focal": "f/8.0",
					"shutter": "1/100s",
					"iso": "ISO 100",
					"imageType": "JPG",
					"resolution": "5184×3456",
					"created": "Feb 23, 2019",
					"uploaded": "Feb 23, 2019",
					"category": "Nature/Landscapes"				
			},
			"review": [
				{
					"rating": 5,
					"title": "Nice capture!!",
					"message": "Wow that's cool! Nice edit of the pictures. Good luck man!",
					"recommendation": 1,
					"name": "Ritwik",
					"location": "Cambridge",
					"email": "ritwik.kumar@gmail.com",
					"gender": "male",
					"timeOfPost": "March 1, 2019, 9:18:01 AM",
					"like": 10,
					"dislike": 2
				},
				{
					"rating": 4,
					"title": "Great composition!",
					"message": "What a picture. Amazing. Stunning. It is appropriate for me to have it framed to watch in the morning. Great Photo.",
					"recommendation": 1,
					"name": "jsromeus",
					"location": "Noida",
					"email": "jsromeus.huma@gmail.com",
					"gender": "female",
					"timeOfPost": "Feb 28, 2019, 4:15 PM",
					"like": 4,
					"dislike": 0
				},
				{
					"rating": 3,
					"title": "Good one",
					"message": "It is a good one but it can be taken in a better way too.",
					"recommendation": 0,
					"name": "pixel2013",
					"location": "Amsterdum",
					"email": "creativepixel2013.olga@gmail.com",
					"gender": "female",
					"timeOfPost": "Feb 28, 2019, 2:11 PM",
					"like": 12,
					"dislike": 1
				},
				{
					"rating": 5,
					"title": "Perfect Photo!",
					"message": "Excellent! I am loving it. Keep posting these photos.",
					"recommendation": 1,
					"name": "Rishat",
					"location": "San Francisco",
					"email": "rishat.kumar@gmail.com",
					"gender": "male",
					"timeOfPost": "Feb 26, 2019, 1:10 PM",
					"like": 5,
					"dislike": 3
				}
			]
		},
		{
			"id": 9,
			"name": "Aqua King",
			"price": "24000",
			"qty": 1,
			"size": [
				{
					"size": "Extra-small",
					"price": "2000"
				},
				{
					"size": "Small",
					"price": "7000"
				},
				{
					"size": "Medium",
					"price": "14000"
				},
				{
					"size": "Large",
					"price": "24000"
				}
			],
			"img": "/assets/images/image_repository/09.jpg",
			"details": {				
					"camera": "Canon EOS 700d",
					"lense": "EF-S55-250mm f/4-5.6 IS II",
					"zoom": "154.0mm",
					"focal": "f/8.0",
					"shutter": "1/100s",
					"iso": "ISO 100",
					"imageType": "JPG",
					"resolution": "5184×3456",
					"created": "Feb 23, 2019",
					"uploaded": "Feb 23, 2019",
					"category": "Nature/Landscapes"				
			},
			"review": [
				{
					"rating": 5,
					"title": "Nice capture!!",
					"message": "Wow that's cool! Nice edit of the pictures. Good luck man!",
					"recommendation": 1,
					"name": "Ritwik",
					"location": "Cambridge",
					"email": "ritwik.kumar@gmail.com",
					"gender": "male",
					"timeOfPost": "March 1, 2019, 9:18:01 AM",
					"like": 10,
					"dislike": 2
				},
				{
					"rating": 4,
					"title": "Great composition!",
					"message": "What a picture. Amazing. Stunning. It is appropriate for me to have it framed to watch in the morning. Great Photo.",
					"recommendation": 1,
					"name": "jsromeus",
					"location": "Noida",
					"email": "jsromeus.huma@gmail.com",
					"gender": "female",
					"timeOfPost": "Feb 28, 2019, 4:15 PM",
					"like": 4,
					"dislike": 0
				},
				{
					"rating": 3,
					"title": "Good one",
					"message": "It is a good one but it can be taken in a better way too.",
					"recommendation": 0,
					"name": "pixel2013",
					"location": "Amsterdum",
					"email": "creativepixel2013.olga@gmail.com",
					"gender": "female",
					"timeOfPost": "Feb 28, 2019, 2:11 PM",
					"like": 12,
					"dislike": 1
				},
				{
					"rating": 5,
					"title": "Perfect Photo!",
					"message": "Excellent! I am loving it. Keep posting these photos.",
					"recommendation": 1,
					"name": "Rishat",
					"location": "San Francisco",
					"email": "rishat.kumar@gmail.com",
					"gender": "male",
					"timeOfPost": "Feb 26, 2019, 1:10 PM",
					"like": 5,
					"dislike": 3
				}
			]
		},
		{
			"id": 10,
			"name": "Crayons",
			"price": "22500",
			"qty": 1,
			"size": [
				{
					"size": "Extra-small",
					"price": "2000"
				},
				{
					"size": "Small",
					"price": "7000"
				},
				{
					"size": "Medium",
					"price": "14000"
				},
				{
					"size": "Large",
					"price": "22500"
				}
			],
			"img": "/assets/images/image_repository/10.jpg",
			"details": {				
					"camera": "Canon EOS 5d",
					"lense": "EF17-40mm f/4L USM",
					"zoom": "154.0mm",
					"focal": "f/8.0",
					"shutter": "1/100s",
					"iso": "ISO 100",
					"imageType": "JPG",
					"resolution": "5184×3456",
					"created": "Feb 23, 2019",
					"uploaded": "Feb 23, 2019",
					"category": "Nature/Landscapes"						
			},
			"review": [
				{
					"rating": 5,
					"title": "Nice capture!!",
					"message": "Wow that's cool! Nice edit of the pictures. Good luck man!",
					"recommendation": 1,
					"name": "Ritwik",
					"location": "Cambridge",
					"email": "ritwik.kumar@gmail.com",
					"gender": "male",
					"timeOfPost": "March 1, 2019, 9:18:01 AM",
					"like": 10,
					"dislike": 2
				},
				{
					"rating": 4,
					"title": "Great composition!",
					"message": "What a picture. Amazing. Stunning. It is appropriate for me to have it framed to watch in the morning. Great Photo.",
					"recommendation": 1,
					"name": "jsromeus",
					"location": "Noida",
					"email": "jsromeus.huma@gmail.com",
					"gender": "female",
					"timeOfPost": "Feb 28, 2019, 4:15 PM",
					"like": 4,
					"dislike": 0
				},
				{
					"rating": 3,
					"title": "Good one",
					"message": "It is a good one but it can be taken in a better way too.",
					"recommendation": 0,
					"name": "pixel2013",
					"location": "Amsterdum",
					"email": "creativepixel2013.olga@gmail.com",
					"gender": "female",
					"timeOfPost": "Feb 28, 2019, 2:11 PM",
					"like": 12,
					"dislike": 1
				},
				{
					"rating": 5,
					"title": "Perfect Photo!",
					"message": "Excellent! I am loving it. Keep posting these photos.",
					"recommendation": 1,
					"name": "Rishat",
					"location": "San Francisco",
					"email": "rishat.kumar@gmail.com",
					"gender": "male",
					"timeOfPost": "Feb 26, 2019, 1:10 PM",
					"like": 5,
					"dislike": 3
				}
			]
		},
		{
			"id": 11,
			"name": "The intelligent Kid",
			"price": "25500",
			"qty": 1,
			"size": [
				{
					"size": "Extra-small",
					"price": "2000"
				},
				{
					"size": "Small",
					"price": "7000"
				},
				{
					"size": "Medium",
					"price": "14000"
				},
				{
					"size": "Large",
					"price": "25500"
				}
			],
			"img": "/assets/images/image_repository/11.jpg",
			"details": {				
					"camera": "Canon EOS 700d",
					"lense": "EF-S55-250mm f/4-5.6 IS II",
					"zoom": "154.0mm",
					"focal": "f/8.0",
					"shutter": "1/100s",
					"iso": "ISO 100",
					"imageType": "JPG",
					"resolution": "5184×3456",
					"created": "Feb 23, 2019",
					"uploaded": "Feb 23, 2019",
					"category": "Nature/Landscapes"				
			},
			"review": [
				{
					"rating": 5,
					"title": "Nice capture!!",
					"message": "Wow that's cool! Nice edit of the pictures. Good luck man!",
					"recommendation": 1,
					"name": "Ritwik",
					"location": "Cambridge",
					"email": "ritwik.kumar@gmail.com",
					"gender": "male",
					"timeOfPost": "March 1, 2019, 9:18:01 AM",
					"like": 10,
					"dislike": 2
				},
				{
					"rating": 4,
					"title": "Great composition!",
					"message": "What a picture. Amazing. Stunning. It is appropriate for me to have it framed to watch in the morning. Great Photo.",
					"recommendation": 1,
					"name": "jsromeus",
					"location": "Noida",
					"email": "jsromeus.huma@gmail.com",
					"gender": "female",
					"timeOfPost": "Feb 28, 2019, 4:15 PM",
					"like": 4,
					"dislike": 0
				},
				{
					"rating": 3,
					"title": "Good one",
					"message": "It is a good one but it can be taken in a better way too.",
					"recommendation": 0,
					"name": "pixel2013",
					"location": "Amsterdum",
					"email": "creativepixel2013.olga@gmail.com",
					"gender": "female",
					"timeOfPost": "Feb 28, 2019, 2:11 PM",
					"like": 12,
					"dislike": 1
				},
				{
					"rating": 5,
					"title": "Perfect Photo!",
					"message": "Excellent! I am loving it. Keep posting these photos.",
					"recommendation": 1,
					"name": "Rishat",
					"location": "San Francisco",
					"email": "rishat.kumar@gmail.com",
					"gender": "male",
					"timeOfPost": "Feb 26, 2019, 1:10 PM",
					"like": 5,
					"dislike": 3
				}
			]
		},
		{
			"id": 12,
			"name": "Let us fly",
			"price": "21000",
			"qty": 1,
			"size": [
				{
					"size": "Extra-small",
					"price": "2000"
				},
				{
					"size": "Small",
					"price": "7000"
				},
				{
					"size": "Medium",
					"price": "14000"
				},
				{
					"size": "Large",
					"price": "21000"
				}
			],
			"img": "/assets/images/image_repository/12.jpg",
			"details": {				
					"camera": "Canon EOS 700d",
					"lense": "EF-S55-250mm f/4-5.6 IS II",
					"zoom": "154.0mm",
					"focal": "f/8.0",
					"shutter": "1/100s",
					"iso": "ISO 100",
					"imageType": "JPG",
					"resolution": "5184×3456",
					"created": "Feb 23, 2019",
					"uploaded": "Feb 23, 2019",
					"category": "Nature/Landscapes"				
			},
			"review": [
				{
					"rating": 5,
					"title": "Nice capture!!",
					"message": "Wow that's cool! Nice edit of the pictures. Good luck man!",
					"recommendation": 1,
					"name": "Ritwik",
					"location": "Cambridge",
					"email": "ritwik.kumar@gmail.com",
					"gender": "male",
					"timeOfPost": "March 1, 2019, 9:18:01 AM",
					"like": 10,
					"dislike": 2
				},
				{
					"rating": 4,
					"title": "Great composition!",
					"message": "What a picture. Amazing. Stunning. It is appropriate for me to have it framed to watch in the morning. Great Photo.",
					"recommendation": 1,
					"name": "jsromeus",
					"location": "Noida",
					"email": "jsromeus.huma@gmail.com",
					"gender": "female",
					"timeOfPost": "Feb 28, 2019, 4:15 PM",
					"like": 4,
					"dislike": 0
				},
				{
					"rating": 3,
					"title": "Good one",
					"message": "It is a good one but it can be taken in a better way too.",
					"recommendation": 0,
					"name": "pixel2013",
					"location": "Amsterdum",
					"email": "creativepixel2013.olga@gmail.com",
					"gender": "female",
					"timeOfPost": "Feb 28, 2019, 2:11 PM",
					"like": 12,
					"dislike": 1
				},
				{
					"rating": 5,
					"title": "Perfect Photo!",
					"message": "Excellent! I am loving it. Keep posting these photos.",
					"recommendation": 1,
					"name": "Rishat",
					"location": "San Francisco",
					"email": "rishat.kumar@gmail.com",
					"gender": "male",
					"timeOfPost": "Feb 26, 2019, 1:10 PM",
					"like": 5,
					"dislike": 3
				}
			]
		},
		{
			"id": 13,
			"name": "The Konark",
			"price": "26000",
			"qty": 1,
			"size": [
				{
					"size": "Extra-small",
					"price": "2000"
				},
				{
					"size": "Small",
					"price": "7000"
				},
				{
					"size": "Medium",
					"price": "14000"
				},
				{
					"size": "Large",
					"price": "26000"
				}
			],
			"img": "/assets/images/image_repository/13.jpg",
			"details": {				
					"camera": "Canon EOS 700d",
					"lense": "EF-S55-250mm f/4-5.6 IS II",
					"zoom": "154.0mm",
					"focal": "f/8.0",
					"shutter": "1/100s",
					"iso": "ISO 100",
					"imageType": "JPG",
					"resolution": "5184×3456",
					"created": "Feb 23, 2019",
					"uploaded": "Feb 23, 2019",
					"category": "Nature/Landscapes"				
			},
			"review": [
				{
					"rating": 5,
					"title": "Nice capture!!",
					"message": "Wow that's cool! Nice edit of the pictures. Good luck man!",
					"recommendation": 1,
					"name": "Ritwik",
					"location": "Cambridge",
					"email": "ritwik.kumar@gmail.com",
					"gender": "male",
					"timeOfPost": "March 1, 2019, 9:18:01 AM",
					"like": 10,
					"dislike": 2
				},
				{
					"rating": 4,
					"title": "Great composition!",
					"message": "What a picture. Amazing. Stunning. It is appropriate for me to have it framed to watch in the morning. Great Photo.",
					"recommendation": 1,
					"name": "jsromeus",
					"location": "Noida",
					"email": "jsromeus.huma@gmail.com",
					"gender": "female",
					"timeOfPost": "Feb 28, 2019, 4:15 PM",
					"like": 4,
					"dislike": 0
				},
				{
					"rating": 3,
					"title": "Good one",
					"message": "It is a good one but it can be taken in a better way too.",
					"recommendation": 0,
					"name": "pixel2013",
					"location": "Amsterdum",
					"email": "creativepixel2013.olga@gmail.com",
					"gender": "female",
					"timeOfPost": "Feb 28, 2019, 2:11 PM",
					"like": 12,
					"dislike": 1
				},
				{
					"rating": 5,
					"title": "Perfect Photo!",
					"message": "Excellent! I am loving it. Keep posting these photos.",
					"recommendation": 1,
					"name": "Rishat",
					"location": "San Francisco",
					"email": "rishat.kumar@gmail.com",
					"gender": "male",
					"timeOfPost": "Feb 26, 2019, 1:10 PM",
					"like": 5,
					"dislike": 3
				}
			]
		},
		{
			"id": 14,
			"name": "Life ",
			"price": "24500",
			"qty": 1,
			"size": [
				{
					"size": "Extra-small",
					"price": "2000"
				},
				{
					"size": "Small",
					"price": "7000"
				},
				{
					"size": "Medium",
					"price": "14000"
				},
				{
					"size": "Large",
					"price": "24500"
				}
			],
			"img": "/assets/images/image_repository/14.jpg",
			"details": {				
					"camera": "Canon EOS 5d",
					"lense": "EF17-40mm f/4L USM",
					"zoom": "154.0mm",
					"focal": "f/8.0",
					"shutter": "1/100s",
					"iso": "ISO 100",
					"imageType": "JPG",
					"resolution": "5184×3456",
					"created": "Feb 23, 2019",
					"uploaded": "Feb 23, 2019",
					"category": "Nature/Landscapes"					
			},
			"review": [
				{
					"rating": 5,
					"title": "Nice capture!!",
					"message": "Wow that's cool! Nice edit of the pictures. Good luck man!",
					"recommendation": 1,
					"name": "Ritwik",
					"location": "Cambridge",
					"email": "ritwik.kumar@gmail.com",
					"gender": "male",
					"timeOfPost": "March 1, 2019, 9:18:01 AM",
					"like": 10,
					"dislike": 2
				},
				{
					"rating": 4,
					"title": "Great composition!",
					"message": "What a picture. Amazing. Stunning. It is appropriate for me to have it framed to watch in the morning. Great Photo.",
					"recommendation": 1,
					"name": "jsromeus",
					"location": "Noida",
					"email": "jsromeus.huma@gmail.com",
					"gender": "female",
					"timeOfPost": "Feb 28, 2019, 4:15 PM",
					"like": 4,
					"dislike": 0
				},
				{
					"rating": 3,
					"title": "Good one",
					"message": "It is a good one but it can be taken in a better way too.",
					"recommendation": 0,
					"name": "pixel2013",
					"location": "Amsterdum",
					"email": "creativepixel2013.olga@gmail.com",
					"gender": "female",
					"timeOfPost": "Feb 28, 2019, 2:11 PM",
					"like": 12,
					"dislike": 1
				},
				{
					"rating": 5,
					"title": "Perfect Photo!",
					"message": "Excellent! I am loving it. Keep posting these photos.",
					"recommendation": 1,
					"name": "Rishat",
					"location": "San Francisco",
					"email": "rishat.kumar@gmail.com",
					"gender": "male",
					"timeOfPost": "Feb 26, 2019, 1:10 PM",
					"like": 5,
					"dislike": 3
				}
			]
		},
		{
			"id": 15,
			"name": "Mahabalipuram",
			"price": "32000",
			"qty": 1,
			"size": [
				{
					"size": "Extra-small",
					"price": "4000"
				},
				{
					"size": "Small",
					"price": "10000"
				},
				{
					"size": "Medium",
					"price": "18000"
				},
				{
					"size": "Large",
					"price": "32000"
				}
			],
			"img": "/assets/images/image_repository/15.jpg",
			"details": {				
					"camera": "Canon EOS 700d",
					"lense": "EF-S55-250mm f/4-5.6 IS II",
					"zoom": "154.0mm",
					"focal": "f/8.0",
					"shutter": "1/100s",
					"iso": "ISO 100",
					"imageType": "JPG",
					"resolution": "5184×3456",
					"created": "Feb 23, 2019",
					"uploaded": "Feb 23, 2019",
					"category": "Nature/Landscapes"				
			},
			"review": [
				{
					"rating": 5,
					"title": "Nice capture!!",
					"message": "Wow that's cool! Nice edit of the pictures. Good luck man!",
					"recommendation": 1,
					"name": "Ritwik",
					"location": "Cambridge",
					"email": "ritwik.kumar@gmail.com",
					"gender": "male",
					"timeOfPost": "March 1, 2019, 9:18:01 AM",
					"like": 10,
					"dislike": 2
				},
				{
					"rating": 4,
					"title": "Great composition!",
					"message": "What a picture. Amazing. Stunning. It is appropriate for me to have it framed to watch in the morning. Great Photo.",
					"recommendation": 1,
					"name": "jsromeus",
					"location": "Noida",
					"email": "jsromeus.huma@gmail.com",
					"gender": "female",
					"timeOfPost": "Feb 28, 2019, 4:15 PM",
					"like": 4,
					"dislike": 0
				},
				{
					"rating": 3,
					"title": "Good one",
					"message": "It is a good one but it can be taken in a better way too.",
					"recommendation": 0,
					"name": "pixel2013",
					"location": "Amsterdum",
					"email": "creativepixel2013.olga@gmail.com",
					"gender": "female",
					"timeOfPost": "Feb 28, 2019, 2:11 PM",
					"like": 12,
					"dislike": 1
				},
				{
					"rating": 5,
					"title": "Perfect Photo!",
					"message": "Excellent! I am loving it. Keep posting these photos.",
					"recommendation": 1,
					"name": "Rishat",
					"location": "San Francisco",
					"email": "rishat.kumar@gmail.com",
					"gender": "male",
					"timeOfPost": "Feb 26, 2019, 1:10 PM",
					"like": 5,
					"dislike": 3
				}
			]
		},
		{
			"id": 16,
			"name": "Festive spring",
			"price": "21200",
			"qty": 1,
			"size": [
				{
					"size": "Extra-small",
					"price": "2000"
				},
				{
					"size": "Small",
					"price": "7000"
				},
				{
					"size": "Medium",
					"price": "14000"
				},
				{
					"size": "Large",
					"price": "21200"
				}
			],
			"img": "/assets/images/image_repository/16.jpg",
			"details": {				
					"camera": "Canon EOS 700d",
					"lense": "EF-S55-250mm f/4-5.6 IS II",
					"zoom": "154.0mm",
					"focal": "f/8.0",
					"shutter": "1/100s",
					"iso": "ISO 100",
					"imageType": "JPG",
					"resolution": "5184×3456",
					"created": "Feb 23, 2019",
					"uploaded": "Feb 23, 2019",
					"category": "Nature/Landscapes"				
			},
			"review": [
				{
					"rating": 5,
					"title": "Nice capture!!",
					"message": "Wow that's cool! Nice edit of the pictures. Good luck man!",
					"recommendation": 1,
					"name": "Ritwik",
					"location": "Cambridge",
					"email": "ritwik.kumar@gmail.com",
					"gender": "male",
					"timeOfPost": "March 1, 2019, 9:18:01 AM",
					"like": 10,
					"dislike": 2
				},
				{
					"rating": 4,
					"title": "Great composition!",
					"message": "What a picture. Amazing. Stunning. It is appropriate for me to have it framed to watch in the morning. Great Photo.",
					"recommendation": 1,
					"name": "jsromeus",
					"location": "Noida",
					"email": "jsromeus.huma@gmail.com",
					"gender": "female",
					"timeOfPost": "Feb 28, 2019, 4:15 PM",
					"like": 4,
					"dislike": 0
				},
				{
					"rating": 3,
					"title": "Good one",
					"message": "It is a good one but it can be taken in a better way too.",
					"recommendation": 0,
					"name": "pixel2013",
					"location": "Amsterdum",
					"email": "creativepixel2013.olga@gmail.com",
					"gender": "female",
					"timeOfPost": "Feb 28, 2019, 2:11 PM",
					"like": 12,
					"dislike": 1
				},
				{
					"rating": 5,
					"title": "Perfect Photo!",
					"message": "Excellent! I am loving it. Keep posting these photos.",
					"recommendation": 1,
					"name": "Rishat",
					"location": "San Francisco",
					"email": "rishat.kumar@gmail.com",
					"gender": "male",
					"timeOfPost": "Feb 26, 2019, 1:10 PM",
					"like": 5,
					"dislike": 3
				}
			]
		}
	]
}